[
  {
    "id": "3edc48dd-6567-4b58-a4ce-e823159a6a3e",
    "data": [
      {
        "text": "What is the ",
        "userDefined": false
      },
      {
        "text": "gender break up",
        "alias": "Companystats",
        "meta": "@Companystats",
        "userDefined": true
      },
      {
        "text": " in the organizations\u0027s ",
        "userDefined": false
      },
      {
        "text": "India",
        "alias": "geo-country",
        "meta": "@sys.geo-country",
        "userDefined": true
      },
      {
        "text": " ",
        "userDefined": false
      },
      {
        "text": "office",
        "alias": "Office_places",
        "meta": "@Office_places",
        "userDefined": false
      },
      {
        "text": "?",
        "userDefined": false
      }
    ],
    "isTemplate": false,
    "count": 0,
    "updated": 1532782076
  }
]