[
  {
    "id": "f6c37eb9-ab2c-4ef8-a478-b3416adda0dc",
    "data": [
      {
        "text": "just going to say hi",
        "userDefined": false
      }
    ],
    "isTemplate": false,
    "count": 0,
    "updated": 1532830291
  },
  {
    "id": "7b7922cf-bf82-48a9-9ac0-3f8c58f25fd0",
    "data": [
      {
        "text": "heya",
        "userDefined": false
      }
    ],
    "isTemplate": false,
    "count": 0,
    "updated": 1532830291
  },
  {
    "id": "da776202-f38b-43e9-9ff1-847a499ec6c3",
    "data": [
      {
        "text": "hello hi",
        "userDefined": false
      }
    ],
    "isTemplate": false,
    "count": 0,
    "updated": 1532830291
  },
  {
    "id": "24d61aa3-b670-4f5d-bbeb-32f6d60c81fb",
    "data": [
      {
        "text": "howdy",
        "userDefined": false
      }
    ],
    "isTemplate": false,
    "count": 0,
    "updated": 1532830291
  },
  {
    "id": "73660d0f-8521-4c47-bad0-bbaed457137f",
    "data": [
      {
        "text": "hey there",
        "userDefined": false
      }
    ],
    "isTemplate": false,
    "count": 0,
    "updated": 1532830291
  },
  {
    "id": "634c66f6-a210-437b-897f-590869c19df0",
    "data": [
      {
        "text": "hi there",
        "userDefined": false
      }
    ],
    "isTemplate": false,
    "count": 1,
    "updated": 1532830291
  },
  {
    "id": "2474a5e7-2a93-4944-a388-24317992867a",
    "data": [
      {
        "text": "greetings",
        "userDefined": false
      }
    ],
    "isTemplate": false,
    "count": 0,
    "updated": 1532830291
  },
  {
    "id": "e719c827-0ada-41e7-80fc-cc55acb16816",
    "data": [
      {
        "text": "hey",
        "userDefined": false
      }
    ],
    "isTemplate": false,
    "count": 0,
    "updated": 1532830291
  },
  {
    "id": "f3b4808c-7108-4f09-b007-e91f75ec12dd",
    "data": [
      {
        "text": "long time no see",
        "userDefined": false
      }
    ],
    "isTemplate": false,
    "count": 0,
    "updated": 1532830291
  },
  {
    "id": "d6701a22-e584-4e0c-ad92-932e30d0e3e8",
    "data": [
      {
        "text": "hello",
        "userDefined": false
      }
    ],
    "isTemplate": false,
    "count": 0,
    "updated": 1532830291
  },
  {
    "id": "38586f66-7fcf-471d-be6c-a977c37247b8",
    "data": [
      {
        "text": "lovely day isn\u0027t it",
        "userDefined": false
      }
    ],
    "isTemplate": false,
    "count": 0,
    "updated": 1532830291
  },
  {
    "id": "8b760241-ce8d-4d38-9c91-53010503fd0c",
    "data": [
      {
        "text": "I greet you",
        "userDefined": false
      }
    ],
    "isTemplate": false,
    "count": 0,
    "updated": 1532830291
  },
  {
    "id": "333c60db-8d21-48e8-877c-861857d76757",
    "data": [
      {
        "text": "hello again",
        "userDefined": false
      }
    ],
    "isTemplate": false,
    "count": 0,
    "updated": 1532830291
  },
  {
    "id": "9dbbd69f-4d74-44bc-bb50-a0e7831ddd3a",
    "data": [
      {
        "text": "hi",
        "userDefined": false
      }
    ],
    "isTemplate": false,
    "count": 0,
    "updated": 1532830291
  },
  {
    "id": "7033bff4-6910-4edd-9c17-90d9eec53432",
    "data": [
      {
        "text": "hello there",
        "userDefined": false
      }
    ],
    "isTemplate": false,
    "count": 0,
    "updated": 1532830291
  },
  {
    "id": "29126c50-5fbf-49c1-821b-f341ee10da81",
    "data": [
      {
        "text": "a good day",
        "userDefined": false
      }
    ],
    "isTemplate": false,
    "count": 0,
    "updated": 1532830291
  }
]