[
  {
    "id": "9885731d-474f-4c65-8a86-311a46d595c5",
    "data": [
      {
        "text": "Is it ok to ",
        "userDefined": false
      },
      {
        "text": "hug",
        "alias": "Acceptablepractices_Casual",
        "meta": "@Acceptablepractices_Casual",
        "userDefined": true
      },
      {
        "text": " in the ",
        "userDefined": false
      },
      {
        "text": "Japanese",
        "alias": "Demonym",
        "meta": "@Demonym",
        "userDefined": false
      },
      {
        "text": " culture",
        "userDefined": false
      }
    ],
    "isTemplate": false,
    "count": 0,
    "updated": 1532780356
  },
  {
    "id": "51c48323-f9a8-4cf7-889c-ef97f51d2be2",
    "data": [
      {
        "text": "Does one need to ",
        "userDefined": false
      },
      {
        "text": "stand up when the host",
        "alias": "Acceptablepractices_respect",
        "meta": "@Acceptablepractices_respect",
        "userDefined": false
      },
      {
        "text": " comes in the ",
        "userDefined": false
      },
      {
        "text": "Indian",
        "alias": "Demonym",
        "meta": "@Demonym",
        "userDefined": false
      },
      {
        "text": " culture",
        "userDefined": false
      }
    ],
    "isTemplate": false,
    "count": 0,
    "updated": 1532780356
  },
  {
    "id": "d4fbd2ad-b8cb-470e-81e9-50801f5e256a",
    "data": [
      {
        "text": "Is it required to ",
        "userDefined": false
      },
      {
        "text": "escort the guests",
        "alias": "Acceptablepractices_respect",
        "meta": "@Acceptablepractices_respect",
        "userDefined": false
      },
      {
        "text": " in the ",
        "userDefined": false
      },
      {
        "text": "British",
        "alias": "Demonym",
        "meta": "@Demonym",
        "userDefined": false
      },
      {
        "text": " culture?",
        "userDefined": false
      }
    ],
    "isTemplate": false,
    "count": 0,
    "updated": 1532780356
  }
]