[
  {
    "id": "66cf9ecc-0c3a-46bc-955d-21454f622397",
    "data": [
      {
        "text": "What is the ",
        "userDefined": false
      },
      {
        "text": "Japanese",
        "alias": "Demonym",
        "meta": "@Demonym",
        "userDefined": true
      },
      {
        "text": " ",
        "userDefined": false
      },
      {
        "text": "cuisine",
        "alias": "Food",
        "meta": "@Food",
        "userDefined": true
      },
      {
        "text": " like?",
        "userDefined": false
      }
    ],
    "isTemplate": false,
    "count": 0,
    "updated": 1532768626
  },
  {
    "id": "78108169-238d-4bfd-82cb-8de6e062741f",
    "data": [
      {
        "text": "What do they ",
        "userDefined": false
      },
      {
        "text": "eat",
        "alias": "Food",
        "meta": "@Food",
        "userDefined": true
      },
      {
        "text": " in ",
        "userDefined": false
      },
      {
        "text": "Japan",
        "alias": "geo-country",
        "meta": "@sys.geo-country",
        "userDefined": true
      },
      {
        "text": "?",
        "userDefined": false
      }
    ],
    "isTemplate": false,
    "count": 0,
    "updated": 1532768626
  },
  {
    "id": "de6b16b6-4330-4ab0-aa31-909373ee612c",
    "data": [
      {
        "text": "what do the ",
        "userDefined": false
      },
      {
        "text": "Japanese",
        "alias": "Demonym",
        "meta": "@Demonym",
        "userDefined": true
      },
      {
        "text": " ",
        "userDefined": false
      },
      {
        "text": "eat",
        "alias": "Food",
        "meta": "@Food",
        "userDefined": true
      },
      {
        "text": "?",
        "userDefined": false
      }
    ],
    "isTemplate": false,
    "count": 0,
    "updated": 1532768626
  }
]