[
  {
    "id": "763cba77-01bd-4f8b-9b16-8172555e226d",
    "data": [
      {
        "text": "Halal",
        "alias": "Food1",
        "meta": "@Food",
        "userDefined": true
      },
      {
        "text": " food joints in ",
        "userDefined": false
      },
      {
        "text": "Japan",
        "alias": "geo-country",
        "meta": "@sys.geo-country",
        "userDefined": true
      }
    ],
    "isTemplate": false,
    "count": 0,
    "updated": 1532772292
  },
  {
    "id": "4c6989a5-ecc1-45ff-8842-0ad82c54efac",
    "data": [
      {
        "text": "Where can I get  ",
        "userDefined": false
      },
      {
        "text": "Vegetarian",
        "alias": "Food1",
        "meta": "@Food",
        "userDefined": false
      },
      {
        "text": " Food in ",
        "userDefined": false
      },
      {
        "text": "Japan",
        "alias": "geo-country",
        "meta": "@sys.geo-country",
        "userDefined": false
      }
    ],
    "isTemplate": false,
    "count": 0,
    "updated": 1532772292
  },
  {
    "id": "375d9dcd-1323-4986-9a98-bb2af9770131",
    "data": [
      {
        "text": "Are there any ",
        "userDefined": false
      },
      {
        "text": "Vegan",
        "alias": "Food",
        "meta": "@Food",
        "userDefined": false
      },
      {
        "text": " ",
        "userDefined": false
      },
      {
        "text": "Japanese",
        "alias": "Demonym",
        "meta": "@Demonym",
        "userDefined": false
      },
      {
        "text": " ",
        "userDefined": false
      },
      {
        "text": "dishes",
        "alias": "Food1",
        "meta": "@Food",
        "userDefined": false
      }
    ],
    "isTemplate": false,
    "count": 0,
    "updated": 1532772292
  }
]