[
  {
    "id": "15511745-054a-48e4-9e13-ac55a73336b4",
    "data": [
      {
        "text": "I know how to code in ",
        "userDefined": false
      },
      {
        "text": "Java",
        "alias": "ProgrammingLanguage",
        "meta": "@ProgrammingLanguage",
        "userDefined": false
      }
    ],
    "isTemplate": false,
    "count": 0,
    "updated": 1532758390
  },
  {
    "id": "c5da0670-9017-4ebe-ad17-e21f6aa2e0f6",
    "data": [
      {
        "text": "I know ",
        "userDefined": false
      },
      {
        "text": "Javascript",
        "alias": "ProgrammingLanguage",
        "meta": "@ProgrammingLanguage",
        "userDefined": false
      }
    ],
    "isTemplate": false,
    "count": 0,
    "updated": 1532758390
  },
  {
    "id": "f4e8c44a-fe40-43f8-abcc-0de20b5d8fce",
    "data": [
      {
        "text": "I know how to write in ",
        "userDefined": false
      },
      {
        "text": "German",
        "alias": "language",
        "meta": "@sys.language",
        "userDefined": true
      }
    ],
    "isTemplate": false,
    "count": 0,
    "updated": 1532758390
  },
  {
    "id": "73b5c85c-c021-4404-8ce6-a83c51b53bd0",
    "data": [
      {
        "text": "I speak ",
        "userDefined": false
      },
      {
        "text": "French",
        "alias": "language",
        "meta": "@sys.language",
        "userDefined": true
      }
    ],
    "isTemplate": false,
    "count": 0,
    "updated": 1532758390
  },
  {
    "id": "955fcfce-de7e-4a66-88f8-83c56d347c90",
    "data": [
      {
        "text": "I know ",
        "userDefined": false
      },
      {
        "text": "English",
        "alias": "language",
        "meta": "@sys.language",
        "userDefined": false
      }
    ],
    "isTemplate": false,
    "count": 0,
    "updated": 1532758390
  }
]