[
  {
    "id": "518cc99b-91b3-4cea-a4bb-0d6977706482",
    "data": [
      {
        "text": "name",
        "userDefined": false
      }
    ],
    "isTemplate": false,
    "count": 0,
    "updated": 1532757262
  },
  {
    "id": "5f618750-8551-44eb-a63e-1bb635e9a807",
    "data": [
      {
        "text": "Do you have a name",
        "userDefined": false
      }
    ],
    "isTemplate": false,
    "count": 0,
    "updated": 1532757262
  },
  {
    "id": "5c2b99a5-a9c7-474c-ab45-a35c23384507",
    "data": [
      {
        "text": "what is your name",
        "userDefined": false
      }
    ],
    "isTemplate": false,
    "count": 0,
    "updated": 1532757262
  }
]