[
  {
    "id": "4c77b9b3-6fcd-4ffe-976a-a68449647529",
    "data": [
      {
        "text": "Are there special ",
        "userDefined": false
      },
      {
        "text": "cabins",
        "alias": "Office_places",
        "meta": "@Office_places",
        "userDefined": false
      },
      {
        "text": " for ",
        "userDefined": false
      },
      {
        "text": "physically handicapped",
        "alias": "Physicallyhandicapped",
        "meta": "@Physicallyhandicapped",
        "userDefined": false
      },
      {
        "text": " in the workplace at ",
        "userDefined": false
      },
      {
        "text": "Singapore",
        "alias": "geo-country",
        "meta": "@sys.geo-country",
        "userDefined": true
      },
      {
        "text": " ",
        "userDefined": false
      },
      {
        "text": "office",
        "alias": "Office_places1",
        "meta": "@Office_places",
        "userDefined": false
      },
      {
        "text": "?",
        "userDefined": false
      }
    ],
    "isTemplate": false,
    "count": 0,
    "updated": 1532785654
  },
  {
    "id": "a78efebe-9aea-410e-9ef7-3a0b587ed1f6",
    "data": [
      {
        "text": "Are there ",
        "userDefined": false
      },
      {
        "text": "washroom",
        "alias": "Office_places",
        "meta": "@Office_places",
        "userDefined": false
      },
      {
        "text": " arrangements for ",
        "userDefined": false
      },
      {
        "text": "physically handicapped",
        "alias": "Physicallyhandicapped",
        "meta": "@Physicallyhandicapped",
        "userDefined": false
      },
      {
        "text": " employees in ",
        "userDefined": false
      },
      {
        "text": "china",
        "alias": "geo-country",
        "meta": "@sys.geo-country",
        "userDefined": true
      },
      {
        "text": " ",
        "userDefined": false
      },
      {
        "text": "office",
        "alias": "Office_places1",
        "meta": "@Office_places",
        "userDefined": false
      },
      {
        "text": "?",
        "userDefined": false
      }
    ],
    "isTemplate": false,
    "count": 0,
    "updated": 1532785654
  }
]