[
  {
    "id": "7edaad7e-1ecf-4f1d-b768-a18e18a65c3d",
    "data": [
      {
        "text": "Does the ",
        "userDefined": false
      },
      {
        "text": "China",
        "alias": "geo-country",
        "meta": "@sys.geo-country",
        "userDefined": true
      },
      {
        "text": " office tolerate other ",
        "userDefined": false
      },
      {
        "text": "religious customs",
        "alias": "Religiouspractices",
        "meta": "@Religiouspractices",
        "userDefined": true
      },
      {
        "text": "?",
        "userDefined": false
      }
    ],
    "isTemplate": false,
    "count": 0,
    "updated": 1532836767
  },
  {
    "id": "338e8a90-f209-4712-a281-75e412552a5d",
    "data": [
      {
        "text": "Does the ",
        "userDefined": false
      },
      {
        "text": "China",
        "alias": "geo-country",
        "meta": "@sys.geo-country",
        "userDefined": false
      },
      {
        "text": " office have a ",
        "userDefined": false
      },
      {
        "text": "prayer room",
        "alias": "Religiouspractices",
        "meta": "@Religiouspractices",
        "userDefined": true
      },
      {
        "text": "?",
        "userDefined": false
      }
    ],
    "isTemplate": false,
    "count": 0,
    "updated": 1532836767
  }
]