[
  {
    "id": "88431a6f-158b-4e80-9b97-62a4e88febb8",
    "data": [
      {
        "text": "Do the ",
        "userDefined": false
      },
      {
        "text": "Chinese",
        "alias": "Demonym",
        "meta": "@Demonym",
        "userDefined": true
      },
      {
        "text": " work late after office hours",
        "userDefined": false
      }
    ],
    "isTemplate": false,
    "count": 0,
    "updated": 1532777885
  },
  {
    "id": "feffb37a-2d91-4674-b580-2d5a3ec80d87",
    "data": [
      {
        "text": "Do the ",
        "userDefined": false
      },
      {
        "text": "Chinese",
        "alias": "Demonym",
        "meta": "@Demonym",
        "userDefined": true
      },
      {
        "text": " work overtime",
        "userDefined": false
      }
    ],
    "isTemplate": false,
    "count": 0,
    "updated": 1532777885
  },
  {
    "id": "bf551a12-d1eb-4b42-a209-0050c5b9a441",
    "data": [
      {
        "text": "China",
        "alias": "geo-country",
        "meta": "@sys.geo-country",
        "userDefined": true
      },
      {
        "text": " office working hours",
        "userDefined": false
      }
    ],
    "isTemplate": false,
    "count": 0,
    "updated": 1532777885
  },
  {
    "id": "de6bfee8-b448-47ec-8e53-fe8379885365",
    "data": [
      {
        "text": "Do people work over time in the ",
        "userDefined": false
      },
      {
        "text": "Chinese",
        "alias": "Demonym",
        "meta": "@Demonym",
        "userDefined": false
      },
      {
        "text": " office",
        "userDefined": false
      }
    ],
    "isTemplate": false,
    "count": 0,
    "updated": 1532777885
  },
  {
    "id": "c551343c-f42b-4b5e-8920-d7371eeca9ba",
    "data": [
      {
        "text": "What are the normal work timings in the ",
        "userDefined": false
      },
      {
        "text": "Chinese",
        "alias": "Demonym",
        "meta": "@Demonym",
        "userDefined": false
      },
      {
        "text": " office",
        "userDefined": false
      }
    ],
    "isTemplate": false,
    "count": 0,
    "updated": 1532777885
  }
]