[
  {
    "id": "086ee932-1fb3-4793-85be-44d467a40cbb",
    "data": [
      {
        "text": "Do the ",
        "userDefined": false
      },
      {
        "text": "Japanese",
        "alias": "Demonym",
        "meta": "@Demonym",
        "userDefined": false
      },
      {
        "text": " work very ",
        "userDefined": false
      },
      {
        "text": "quietly",
        "alias": "Workculture",
        "meta": "@Workculture",
        "userDefined": false
      }
    ],
    "isTemplate": false,
    "count": 0,
    "updated": 1532782458
  },
  {
    "id": "9e4498ac-ff53-4eb2-9158-65064dcd1c87",
    "data": [
      {
        "text": "Are ",
        "userDefined": false
      },
      {
        "text": "Indians",
        "alias": "Demonym",
        "meta": "@Demonym",
        "userDefined": true
      },
      {
        "text": " mostly ",
        "userDefined": false
      },
      {
        "text": "noisy",
        "alias": "Workculture",
        "meta": "@Workculture",
        "userDefined": true
      }
    ],
    "isTemplate": false,
    "count": 0,
    "updated": 1532782458
  },
  {
    "id": "1c62c966-cb73-44f7-9711-6d3a2c040723",
    "data": [
      {
        "text": "Are ",
        "userDefined": false
      },
      {
        "text": "Indians",
        "alias": "Demonym",
        "meta": "@Demonym",
        "userDefined": true
      },
      {
        "text": " rather ",
        "userDefined": false
      },
      {
        "text": "loud",
        "alias": "Workculture",
        "meta": "@Workculture",
        "userDefined": true
      },
      {
        "text": " at work?",
        "userDefined": false
      }
    ],
    "isTemplate": false,
    "count": 0,
    "updated": 1532782458
  },
  {
    "id": "bc826dac-8bc0-4958-86f3-8c3827b3ec6e",
    "data": [
      {
        "text": "Do ",
        "userDefined": false
      },
      {
        "text": "Indians",
        "alias": "Demonym",
        "meta": "@Demonym",
        "userDefined": true
      },
      {
        "text": " prefer to ",
        "userDefined": false
      },
      {
        "text": "have lunch",
        "alias": "Workculture",
        "meta": "@Workculture",
        "userDefined": true
      },
      {
        "text": " alone?",
        "userDefined": false
      }
    ],
    "isTemplate": false,
    "count": 0,
    "updated": 1532782458
  },
  {
    "id": "68dbed7f-4b5e-41fc-9550-ed3636342cd4",
    "data": [
      {
        "text": "Do people ",
        "userDefined": false
      },
      {
        "text": "go for tea",
        "alias": "Workculture",
        "meta": "@Workculture",
        "userDefined": false
      },
      {
        "text": " breaks together in ",
        "userDefined": false
      },
      {
        "text": "India",
        "alias": "geo-country",
        "meta": "@sys.geo-country",
        "userDefined": false
      },
      {
        "text": "?",
        "userDefined": false
      }
    ],
    "isTemplate": false,
    "count": 0,
    "updated": 1532782458
  },
  {
    "id": "fbc47983-ac50-4e3c-bf4b-195d3db12409",
    "data": [
      {
        "text": "Do people prefer to ",
        "userDefined": false
      },
      {
        "text": "eat together",
        "alias": "Workculture",
        "meta": "@Workculture",
        "userDefined": true
      },
      {
        "text": " in ",
        "userDefined": false
      },
      {
        "text": "India",
        "alias": "geo-country",
        "meta": "@sys.geo-country",
        "userDefined": false
      },
      {
        "text": "?",
        "userDefined": false
      }
    ],
    "isTemplate": false,
    "count": 0,
    "updated": 1532782458
  },
  {
    "id": "5fe93c6e-1653-426c-9979-f12a490426b7",
    "data": [
      {
        "text": "Do have ",
        "userDefined": false
      },
      {
        "text": "lunch together",
        "alias": "Workculture",
        "meta": "@Workculture",
        "userDefined": true
      },
      {
        "text": " in ",
        "userDefined": false
      },
      {
        "text": "India",
        "alias": "geo-country",
        "meta": "@sys.geo-country",
        "userDefined": false
      },
      {
        "text": "?",
        "userDefined": false
      }
    ],
    "isTemplate": false,
    "count": 0,
    "updated": 1532782458
  },
  {
    "id": "a68f91cb-c1fd-4918-a942-57bd22647012",
    "data": [
      {
        "text": "Do ",
        "userDefined": false
      },
      {
        "text": "Indians",
        "alias": "Demonym",
        "meta": "@Demonym",
        "userDefined": false
      },
      {
        "text": " prefer ",
        "userDefined": false
      },
      {
        "text": "working in teams",
        "alias": "Workculture",
        "meta": "@Workculture",
        "userDefined": true
      },
      {
        "text": "?",
        "userDefined": false
      }
    ],
    "isTemplate": false,
    "count": 0,
    "updated": 1532782458
  },
  {
    "id": "c6e57723-3f46-44a2-947c-b46d80244802",
    "data": [
      {
        "text": "Do ",
        "userDefined": false
      },
      {
        "text": "Indians",
        "alias": "Demonym",
        "meta": "@Demonym",
        "userDefined": false
      },
      {
        "text": " prefer ",
        "userDefined": false
      },
      {
        "text": "working in teams",
        "alias": "Workculture",
        "meta": "@Workculture",
        "userDefined": true
      },
      {
        "text": " or as individuals?",
        "userDefined": false
      }
    ],
    "isTemplate": false,
    "count": 0,
    "updated": 1532782458
  },
  {
    "id": "897f9ff8-a806-40c3-9e41-2b8f6507cd00",
    "data": [
      {
        "text": "Do the team members ",
        "userDefined": false
      },
      {
        "text": "go for tea",
        "alias": "Workculture",
        "meta": "@Workculture",
        "userDefined": true
      },
      {
        "text": " together in the ",
        "userDefined": false
      },
      {
        "text": "Indian",
        "alias": "Demonym",
        "meta": "@Demonym",
        "userDefined": true
      },
      {
        "text": " office?",
        "userDefined": false
      }
    ],
    "isTemplate": false,
    "count": 0,
    "updated": 1532782458
  },
  {
    "id": "6036af8e-1e4c-46bc-b450-6506dde829d1",
    "data": [
      {
        "text": "Is the work environment ",
        "userDefined": false
      },
      {
        "text": "noisy",
        "alias": "Workculture",
        "meta": "@Workculture",
        "userDefined": true
      },
      {
        "text": " or silent in the ",
        "userDefined": false
      },
      {
        "text": "Indian",
        "alias": "Demonym",
        "meta": "@Demonym",
        "userDefined": false
      },
      {
        "text": " office",
        "userDefined": false
      }
    ],
    "isTemplate": false,
    "count": 0,
    "updated": 1532782458
  },
  {
    "id": "cf305755-e7b3-4b16-bb09-c71110821a3b",
    "data": [
      {
        "text": "Is ",
        "userDefined": false
      },
      {
        "text": "team working",
        "alias": "Workculture",
        "meta": "@Workculture",
        "userDefined": true
      },
      {
        "text": " preferred in the ",
        "userDefined": false
      },
      {
        "text": "Indian",
        "alias": "Demonym",
        "meta": "@Demonym",
        "userDefined": false
      },
      {
        "text": " office",
        "userDefined": false
      }
    ],
    "isTemplate": false,
    "count": 0,
    "updated": 1532782458
  }
]