[
  {
    "value": "Bow your head",
    "synonyms": [
      "Bow your head",
      "bow down"
    ]
  },
  {
    "value": "Stand up when host comes",
    "synonyms": [
      "Stand up when host comes"
    ]
  },
  {
    "value": "Escort guests",
    "synonyms": [
      "Escort guests"
    ]
  },
  {
    "value": "eat with hands",
    "synonyms": [
      "eat with hands"
    ]
  },
  {
    "value": "stand up when the host",
    "synonyms": [
      "stand up when the host"
    ]
  },
  {
    "value": "escort the guests",
    "synonyms": [
      "escort the guests"
    ]
  }
]