[
  {
    "value": "Food",
    "synonyms": [
      "Food",
      "Cuzine",
      "Eating-preferences",
      "Eating-habits",
      "palate",
      "dish",
      "dishes"
    ]
  },
  {
    "value": "Beverages",
    "synonyms": [
      "Beverages",
      "Drinks",
      "something to sip"
    ]
  },
  {
    "value": "Vegan",
    "synonyms": [
      "Vegan",
      "Vegetarian",
      "only vegetables",
      "vegetable only",
      "vegies",
      "fruits"
    ]
  },
  {
    "value": "Halal",
    "synonyms": [
      "Halal",
      "Muslim meal",
      "muslim dining"
    ]
  }
]