[
  {
    "value": "Timings",
    "synonyms": [
      "Timings",
      "Office hours, time"
    ]
  },
  {
    "value": "Over time",
    "synonyms": [
      "Over time"
    ]
  },
  {
    "value": "beyond office hours",
    "synonyms": [
      "beyond office hours"
    ]
  },
  {
    "value": "work timings",
    "synonyms": [
      "work timings"
    ]
  },
  {
    "value": "office hours",
    "synonyms": [
      "office hours"
    ]
  },
  {
    "value": "overtime",
    "synonyms": [
      "overtime"
    ]
  }
]