[
  {
    "value": "workplace eating customs",
    "synonyms": [
      "go for tea",
      "tea",
      "coffee",
      "snacks",
      "have lunch",
      "eat together",
      "lunch together",
      "eat alone",
      "tea breaks"
    ]
  },
  {
    "value": "environment",
    "synonyms": [
      "noisy",
      "noise",
      "silent",
      "silence",
      "quiet",
      "loud",
      "louder",
      "quietly"
    ]
  },
  {
    "value": "collaboration",
    "synonyms": [
      "team working",
      "together as a team",
      "individual working",
      "independent working",
      "work together",
      "work alone",
      "working solo",
      "working in teams"
    ]
  }
]